{
    "backgrounds": [
        {
            "tile": "sky",
            "ranges": [
                [
                    0, 25,
                    0, 14
                ]
            ]
        },
        {
            "tile": "ground",
            "ranges": [
                [
                    0, 25,
                    12, 14
                ],
                [
                    5, 8,
                    9, 10
                ],
                [
                    12, 18,
                    11, 12
                ],
                [
                    2, 3,
                    11, 12
                ],
                [
                    2, 3,
                    11, 12
                ],
                [
                    10, 12,
                    10, 11
                ],
                [
                    9, 10,
                    0, 7
                ]
            ]
        }
    ]
}
